epoch,train_loss,val_mse
1,0.36041699762003765,0.26721413183464576
2,0.13969176543610437,0.1538839140392485
3,0.10672219527619226,0.1282116509493066
4,0.08882048505544662,0.11272550814996951
5,0.0793177963580404,0.11248710511222718
6,0.07311962469986506,0.0971503488853495
7,0.06918856744255339,0.09199516175285219
8,0.0660628907765661,0.08870903701378555
9,0.06303973464454923,0.08699037844541842
10,0.061126881833587374,0.08445038750058129
11,0.059056929967233114,0.0857444155657733
12,0.057991503941161295,0.08206803256241733
13,0.05625939241903169,0.0819170409914047
14,0.0551161193890231,0.07912543745898695
15,0.05455940101827894,0.07965854806244058
16,0.05345697846582958,0.07803722704529131
17,0.05333394243461745,0.07988263670098844
18,0.05213714404617037,0.0758179290206344
19,0.051248118277106965,0.07518156404848451
20,0.05023601573279926,0.07276307444093089
21,0.05017440061909812,0.07480419017650462
22,0.04923365508232798,0.07382573687841022
23,0.04871128581251417,0.07374444446866474
24,0.048567385665008,0.07029897982481295
25,0.04804647046753338,0.0719891771185335
26,0.04755935351763453,0.07204316598397714
27,0.04778186046225684,0.07154491020888878
28,0.04686793093596186,0.06664384448339068
29,0.046766323924064636,0.07030797706079231
30,0.04633499858209065,0.06982412166696376
